{"cameraMode":{"drawMode":0,"name":"Shaded","section":"Shading Mode"},"sceneLighting":false,"audioPlay":false,"sceneViewState":{"m_AlwaysRefresh":false,"showFog":true,"showSkybox":false,"showFlares":true,"showImageEffects":true,"showParticleSystems":true,"showVisualEffectGraphs":true,"m_FxEnabled":true},"in2DMode":false,"pivot":{"x":0.019037339836359025,"y":0.011924155987799168,"z":1.001551628112793},"rotation":{"x":-0.10210230201482773,"y":-0.024172984063625337,"z":0.0024803956039249899,"w":-0.9944850206375122},"size":0.10710674524307251,"orthographic":false}